{
  "model_path": "model_tools\\trained_models\\TinyLeNet_20251223_095246_acc99.00.pth",
  "samples": 2000,
  "shift": 16,
  "normalize": true,
  "scales": {
    "s_in": 45.011730688743526,
    "s_pool1": 12.356048583984375,
    "s_pool2": 6.153268337249756,
    "s_fc1": 2.8353664875030518,
    "s_fc2": 5.624328136444092,
    "s_w1": 223.36895751953125,
    "s_w2": 269.2513732910156,
    "s_w3": 337.67584228515625,
    "s_w4": 295.5614013671875
  },
  "effective": {
    "conv1": {
      "eff": 0.0012289411388337612,
      "mult": 81
    },
    "conv2": {
      "eff": 0.0018495596013963223,
      "mult": 121
    },
    "fc1": {
      "eff": 0.0013645937433466315,
      "mult": 89
    },
    "fc2": {
      "eff": 0.00671140942722559,
      "mult": 440
    }
  }
}