{
  "model_path": "model_tools\\trained_models\\TinyLeNet_20251223_095246_acc99.00.pth",
  "samples": 1000,
  "shift": 16,
  "normalize": true,
  "scales": {
    "s_in": 45.011730688743526,
    "s_pool1": 12.346385583498144,
    "s_pool2": 6.1702655709962215,
    "s_fc1": 2.847546881650092,
    "s_fc2": 4.580044429843604,
    "s_w1": 223.36895751953125,
    "s_w2": 269.2513732910156,
    "s_w3": 337.67584228515625,
    "s_w4": 295.5614013671875
  },
  "effective": {
    "conv1": {
      "eff": 0.001227980013936758,
      "mult": 80
    },
    "conv2": {
      "eff": 0.0018561200704425573,
      "mult": 122
    },
    "fc1": {
      "eff": 0.0013666806044057012,
      "mult": 90
    },
    "fc2": {
      "eff": 0.005441906396299601,
      "mult": 357
    }
  }
}